{"cameraMode":{"drawMode":0,"name":"Shaded","section":"Shading Mode"},"sceneLighting":true,"audioPlay":false,"sceneViewState":{"m_AlwaysRefresh":false,"showFog":true,"showSkybox":true,"showFlares":true,"showImageEffects":true,"showParticleSystems":true,"showVisualEffectGraphs":true,"m_FxEnabled":true},"in2DMode":false,"pivot":{"x":1.6154779195785523,"y":0.2065020203590393,"z":41.892032623291019},"rotation":{"x":0.2224060595035553,"y":-0.03070846199989319,"z":0.006998533848673105,"w":0.974432110786438},"size":0.4330126941204071,"orthographic":false}