{"cameraMode":{"drawMode":0,"name":"Shaded","section":"Shading Mode"},"sceneLighting":true,"audioPlay":false,"sceneViewState":{"m_AlwaysRefresh":false,"showFog":true,"showSkybox":true,"showFlares":true,"showImageEffects":true,"showParticleSystems":true,"showVisualEffectGraphs":true,"m_FxEnabled":true},"in2DMode":false,"pivot":{"x":0.9346314072608948,"y":0.08370432257652283,"z":-0.9794007539749146},"rotation":{"x":0.1192157045006752,"y":-0.21417520940303803,"z":0.026347488164901735,"w":0.969136655330658},"size":0.7386512160301209,"orthographic":false}